{
  "criteria": {
    "requirement": {
      "trigger": "minecraft:placed_block",
      "conditions": {
        "player": [
          {
            "condition": "minecraft:value_check",
            "value": {
              "type": "minecraft:score",
              "target": {
                "type": "minecraft:fixed",
                "name": "blooming_biosphere"
              },
              "score": "saplings_storage"
            },
            "range": 0
          },
          {
            "condition": "minecraft:entity_properties",
            "entity": "this",
            "predicate": {
              "flags": {
                "is_sneaking": false
              }
            }
          }
        ],
        "location": [
          {
            "condition": "minecraft:location_check",
            "predicate": {
              "biomes": "#biome_saplings:terralith/tropical_jungle",
              "block": {
                "blocks": [
                  "minecraft:jungle_sapling"
                ]
              }
            }
          }
        ]
      }
    }
  },
  "rewards": {
    "function": "biome_saplings:terralith/find/tropical_jungle"
  }
}
