{
  "criteria": {
    "requirement": {
      "trigger": "minecraft:placed_block",
      "conditions": {
        "player": [
          {
            "condition": "minecraft:value_check",
            "value": {
              "type": "minecraft:score",
              "target": {
                "type": "minecraft:fixed",
                "name": "blooming_biosphere"
              },
              "score": "saplings_storage"
            },
            "range": 1
          },
          {
            "condition": "minecraft:entity_properties",
            "entity": "this",
            "predicate": {
              "flags": {
                "is_sneaking": false
              }
            }
          }
        ],
        "location": [
          {
            "condition": "minecraft:any_of",
            "terms": 
            [
            {  "condition": "minecraft:location_check","predicate": {"block": {"blocks": ["minecraft:cherry_sapling"]}}}
            ]
          }
          
        ]
      }
    }
  },
  "rewards": {
    "function": "biome_saplings:blooming_biosphere/find/cherry"
  }
}
