{
  "type": "minecraft:tree",
  "config": {
    "decorators": [
      {
        "type": "minecraft:pale_moss",
        "ground_probability": 0.000000000,
        "leaves_probability": 0.15,
        "trunk_probability": 0.4
      }
    ],
    "dirt_provider": {
      "type": "minecraft:simple_state_provider",
      "state": {
        "Name": "minecraft:dirt"
      }
    },
    "foliage_placer": {
      "type": "minecraft:cherry_foliage_placer",
      "radius": 2,
      "offset": 0,
      "height": 4,
      "wide_bottom_layer_hole_chance": 0,
      "corner_hole_chance": 0.5,
      "hanging_leaves_chance": 0.2,
      "hanging_leaves_extension_chance": 0.4
    },
    "foliage_provider": {
      "type": "minecraft:simple_state_provider",
      "state": {
        "Name": "minecraft:pale_oak_leaves",
        "Properties": {
          "distance": "7",
          "persistent": "false",
          "waterlogged": "false"
        }
      }
    },
    "force_dirt": false,
    "ignore_vines": true,
    "minimum_size": {
      "type": "minecraft:two_layers_feature_size",
      "limit": 1,
      "lower_size": 0,
      "upper_size": 2
    },
    "trunk_placer": {
      "type": "minecraft:forking_trunk_placer",
      "base_height": 6,
      "height_rand_a": 2,
      "height_rand_b": 1
    },
    "trunk_provider": {
      "type": "minecraft:simple_state_provider",
      "state": {
        "Name": "minecraft:pale_oak_log",
        "Properties": {
          "axis": "y"
        }
      }
    }
  }
}