{
  "type": "minecraft:tree",
  "config": {
    "decorators": [
      {
        "type": "minecraft:pale_moss",
        "ground_probability": 0.000000000000,
        "leaves_probability": 0.3,
        "trunk_probability": 0.5
      }
    ],
    "dirt_provider": {
      "type": "minecraft:simple_state_provider",
      "state": {
        "Name": "minecraft:dirt"
      }
    },
    "foliage_placer": {
      "type": "minecraft:cherry_foliage_placer",
      "radius": 3,
      "offset": 1,
      "height": 4,
      "wide_bottom_layer_hole_chance": 0,
      "corner_hole_chance": 1,
      "hanging_leaves_chance": 0.3,
      "hanging_leaves_extension_chance": 0.2
    },
    "foliage_provider": {
      "type": "minecraft:simple_state_provider",
      "state": {
        "Name": "minecraft:pale_oak_leaves",
        "Properties": {
          "distance": "7",
          "persistent": "false",
          "waterlogged": "false"
        }
      }
    },
    "force_dirt": false,
    "ignore_vines": true,
    "minimum_size": {
      "type": "minecraft:three_layers_feature_size",
      "limit": 1,
      "lower_size": 0,
      "middle_size": 1,
      "upper_limit": 1,
      "upper_size": 2
    },
    "trunk_placer": {
      "type": "minecraft:fancy_trunk_placer",
      "base_height": 11,
      "height_rand_a": 5,
      "height_rand_b": 2
    },
    "trunk_provider": {
      "type": "minecraft:simple_state_provider",
      "state": {
        "Name": "minecraft:pale_oak_log",
        "Properties": {
          "axis": "y"
        }
      }
    }
  }
}